<?xml version="1.0" encoding="UTF-8"?>
<project-private xmlns="http://www.netbeans.org/ns/project-private/1">
    <editor-bookmarks xmlns="http://www.netbeans.org/ns/editor-bookmarks/2" lastBookmarkId="0"/>
    <open-files xmlns="http://www.netbeans.org/ns/projectui-open-files/2">
        <group>
            <file>file:/D:/Facultad/2do/2do%20Semestre/Lab/Proyectos/Veterinaria/src/ventana/TablaMascotas.java</file>
            <file>file:/D:/Facultad/2do/2do%20Semestre/Lab/Proyectos/Veterinaria/src/model/Especie.java</file>
            <file>file:/D:/Facultad/2do/2do%20Semestre/Lab/Proyectos/Veterinaria/src/veterinaria/Veterinaria.java</file>
            <file>file:/D:/Facultad/2do/2do%20Semestre/Lab/Proyectos/Veterinaria/src/model/Cliente.java</file>
            <file>file:/D:/Facultad/2do/2do%20Semestre/Lab/Proyectos/Veterinaria/src/gestor/GestorBD.java</file>
            <file>file:/D:/Facultad/2do/2do%20Semestre/Lab/Proyectos/Veterinaria/src/ventana/AltaMascota.java</file>
            <file>file:/D:/Facultad/2do/2do%20Semestre/Lab/Proyectos/Veterinaria/src/model/Mascota.java</file>
        </group>
    </open-files>
</project-private>
